{"cameraMode":{"drawMode":0,"name":"Shaded","section":"Shading Mode"},"sceneLighting":false,"audioPlay":false,"sceneViewState":{"m_AlwaysRefresh":false,"showFog":true,"showSkybox":false,"showFlares":true,"showImageEffects":true,"showParticleSystems":true,"showVisualEffectGraphs":true,"m_FxEnabled":true},"in2DMode":false,"pivot":{"x":-4.013433456420898,"y":4.061135292053223,"z":21.916345596313478},"rotation":{"x":0.19814705848693849,"y":0.018232353031635286,"z":-0.003683874849230051,"w":0.9800065755844116},"size":1.2247449159622193,"orthographic":true}